path	bytes	sha256	dup_paths
924KIMI-AUD-024.md	3369	309aefb8bc5c6dab656cf2d6ddae0a570e4ba593a3e327a2008f785c97bdc47c	1
925KIMI-THM-023.md	14936	61e14810c55f688561bacd5a62bfa3e0872e0672fa387161c60a0455be65f92a	1
925LB1_sup_over_zone_proof.md	14665	be85b2ed0fdcca770dfde191fe91f7cb3ed6ca2076b790b02ed3c78bd604a298	1
925lb1_sup_over_zone_certificate.py	37266	af19344df3524d03c8d54e188bddb30f41aa5a980414a5f588e84be995775c5e	1
HLV_Manuscript_Updated_Dec2025.docx	19662	35bf4bf3701dca5978a861c0f7644bfad6f87eb9d258a7eae49d8ae252894c84	1
KIMI_LPW_VERDICT_ADDENDUM_4.pdf	32085	e60d00fb2f69cb1d9787669c891519fe9936363505b366fd341319d0dd165436	1
Kimipacket.md	5448	df6565acf9231b3ae41e0f5f27f55384d786119013bebc06b79bd87a8e70e874	1
LB2_mean_ridge_proof.md	13897	afdcf93fc2905dbf785edb77a813df41ed277c1406cb967992335b467750bc9e	1
LB3_DISCHARGE.md	23987	dc9dd243da9145ce5ed5719eecd990c6dac6fec96947a2f756d1cc86bc363d93	1
LPW_CONSTANT_V2_REPORT.pdf	44707	a19add1bef205f53a030e968fb72393fbef764b8d6924b30859c1e001d895edb	1
MANIFEST.sha256	1199	73e20364804275cadb84f5452dbec95c3a9f7c171fae79a17670e731274a9a48	1
README925.txt	2768	04aa9dc4e5b7fa14a0e5ee8febfd1926c7496ab6ef85b3614708965b757fd72f	1
Untitled.kml	41035	b84a20b7e5763f96db1accea20a60079012218ec011542b916d815a07f14831b	1
electrianresume.docx	16792	d0e4ac71600b5af491bcbef9c8b653b9efd3f167ba69d9a047ccbbebb8f019d0	1
lb1_t_O.txt	7856	f58307160e3a3a43d3c8a43c3626e12a495a76b57b5e12ff33b15ca353dd9c77	2
lb2_cert.py	19233	bf76df4189033525526d6fd4a73ca15ef62095de119d114548e033d3e137175d	1
lb2_transcript.txt	3826	b6947c44c49a02bb710f5c850f9cabdaf03befa176ef0e2cc348184e2c290c12	1
lb3_certificate.py	24256	7caadc68b34fb52720c3181bf3da0a2bd2bc783684c1dad60d46418b29df74ea	1
lb3_transcript_O.txt	5767	096eab25e244ef78679fddee6751f97ee92e5975874fd049a24f21f46b746418	2
research_archive_round15.zip	88544	8895f46c6906a10a460cacb30950589ae77ec9bc5b6bd26513105bd48929f402	1
research_archive_round15/evolution_log_round15.md	674	d938d589f5edb1a00a41a181625794c9f6c86b0e4ceac56c3c76fb3a444c6f4a	1
research_archive_round15/master_findings_round15.md	15884	5ca7d63948014897a7cf6ffd1fe3c54c3bd8f982447ca526bd093c642fac1133	1
research_archive_round15/methodology_playbook_round15.md	11739	f82e039bc1cdf5599022abf8e019bc8c2435093adb8214049268a9423ef6d2ea	1
research_archive_round15/open_questions_round15.md	2646	81b281ef29b6faf3be8f41ad1ac483277dc636def9e7941c81b670bafb344a47	1
research_archive_round15/pass_report_2025-12-18_round15.md	10323	baff860199e9bb092e4f25e601c957cd21aa56e8327abe1e8f6089273cdadb20	1
research_archive_round15/relative_contribution_a0_a2_vs_q_round15.csv	19493	06d48c33c556f39c8b640d2acf55f26de532632add831bfedf2d46af5a1a38ca	1
research_archive_round15/relative_contribution_a0_a2_vs_q_round15.png	63992	09a8d5349f45b8da55dc72a3a3d98f3d289f037b8ff3ebf6ce76decbf4b2b359	1
research_archive_round15/terminology_dictionary_round15.md	8213	e1dc22fc03411d405f4a62d7c50b4613f8965af0473e465e15b7014f171da305	1
research_archive_round3.zip	10360	579baba1da329c696689f78113793ac3e9a3d85857308e3c5c3a0b70e6f1a58c	1
research_archive_round3/evolution_log.md	872	22e507c366cda2a00dfdee8f506125153d2034a9608ff62084c6108495a0ef05	1
research_archive_round3/source_quality_log.md	813	42758feee118ded3fcffe00a8ed075b479b80b87b494b7e7a2603adf120f9e7e	1
sgr.txt.gz	40770	8f4a1468c13b2a6ffff3e69fc9c86515299139907385505d90376cf07eea28e8	1
sgr/data	126687	1e26c505b75c7a322a98704cfbe214321381e120608095d38420fa252172e77a	1
text100.txt	20954	8c0fe0af37598cf936e5911a045f256688cc26d86552da9bd25a5d14b627c3da	1
text101.txt	19897	0f0b463f8f7e4fbbf025a62bab0d1acbd4e39884d4b7196fe2b7300eef8ee7ea	1
text105.txt	20321	b3ffb0a3972e48cc2e03caeff996d469196153911344e78b1189557ba60b91b8	1
text106.txt	20175	680157f2dd3bb7424cad01f1cb9d510861c5d33bcc39f948f133a8686d9f1f7a	1
text108.txt	49559	a6ef55e6368bedd64aac5587a170866084f3601d5f3a3098875bb07c5ac95b3e	1
text109.txt	17950	4c931eb8cc955df3f2738e247f47d45136b2126788cf9b6658ce407a0f88a714	1
text110.txt	18949	015a564e211e47fdb0d5a31c7523b750f81e8b3ed6bf4f5ef5f4456d758609eb	1
text111.txt	19568	3a56935f6decf6aa5c7eb75d2f909da955d36046914cdf351691dedbbe391bc4	1
text112.txt	56441	210ca8a8470bda3279b5a3105d5c851aa9b97b44dd989639cd147695ea748e34	1
text113.txt	20829	221c31ae0cce4c599ca7e28b21885d6d5e969f7125d520941db5ea9739f3e967	1
text114.txt	19094	60cb14a9133eb8d489be18c7aaadafc6637a279edc18b41bf77bc3241603f352	1
text116.txt	49382	ae463f8f73d90ae25ba99f5c72ad65a6287587a0b3afdbf09982c622e39358dd	1
text57.txt	58745	2cad7f7cdad9460ef0952e9b1a74634073e94c6af5450da80d9f0de5565adcb2	1
text62.txt	10321	cf7c3cf76d206f830a0d5b34212a51502cf25d5f7622fb3e88bb507b0b0c7847	1
text64.txt	11551	4ba6d80dabcf0d6501d2caa73f5b53cf777983b9df5dcfb4be5b41f9167be432	1
text65.txt	10060	cfa174e3d9becb6311c5677ef190c674d09e64808cc348849543aacfb549b615	1
text69.txt	10699	c4895f84d5133271f927716caf229d726af3640941f512e7ff2dd7cc59bbf998	1
text73.txt	10523	8ea2850f0805cccef164ef2d128ea4354ec59c6b8fc7b69147a107f2b7aa9b8e	1
text77.txt	12043	c30a083379df71df40ab0aca302d2d96ac4c68c7101b28a3be3d9398b4d09f6d	1
text81.txt	20648	15c021864edee322355a16dd3f92582da7528f7531d297e6d1674fdaf88a29ff	1
text82.txt	39119	8c3aafe95dd7b9232d9d847a0c88b986fcc89f90a2b64813a9746e8f17556ee9	1
text83.txt	29194	9b2465f6223a74d2045fa1cd05dbf56f6661f567c0766771b1352f0bb4a54a1d	1
text84.txt	32011	f67cc3118743a867c6da27c7d8beb6837cc303318d034b3be7f891b8508adb55	1
text85.txt	18478	23b920b66f61b407bc6b72cd52d9d357183406f22ddd90d6fbb5f82c2e61d706	1
text86.txt	20415	80d418649da0e26bb7a232e6acc3ae87f53ca7c4c4d9af4780b4ff8bf921c236	1
text87.txt	29230	de223c6e4904ad1f75c2d7c9ac668cbda04ce680eb3716cdbd5ccd227f955068	1
text88.txt	21734	813788518b25c468eb56a249a2417629b576561eea818c9358def80e0e0fc599	1
text89.txt	18821	08f6d79d3e4d56f1f160e01a5d7f8223291e2a3d659fdfab9d79f042b88c8af2	1
text90.txt	69757	f894d3d77c9e236144aaf73034f43dacfeea1107d7d56f7681fb40a89b47841b	1
text91.txt	70876	152f7dc9ff11c3918b5986c974decdacc690efb5fab8a3fd10de3570422b96de	1
text92.txt	59116	7c2a29f441e1444f04122e0569363e4dbb3fd48c269079a0143e46b5e75f153d	1
text94.txt	16461	771b69a4d22d7d84b2c295a5bc10a21050168902442a459718e67337a453a8f8	1
text95.txt	21955	ad0ce53f3f636ebdba12a2dc4ac37678abda00a9e1170e7109d6c3ac7c357766	1
text96.txt	59037	df272c49ebef2280f89c34437ea3a61b334bd39f43825c45e3de78c4f163ebcd	1
text97.txt	10465	808166fe1a23258399ef95bfd395acdaefb7028023bbfb788b71bf97e18d80d8	1
text98.txt	22885	a0b604048d2a6cc8207140b22dd3c41153b5cfecd1db1d735597316e3a51da24	1
text99.txt	63778	ff11ead1e67375ae0167efbcf567dfdfa807a383a3dc68f633a40975bd3ff968	1
